-- ============================================================
--  wagba_seed.sql  -- Realistic seed data for the Wagba DB
-- ============================================================
-- Prices are in Egyptian Pounds (EGP).
-- Note: Delivery_Captain.current_status CHECK uses "avaiable" (schema typo).
-- ============================================================

PRAGMA foreign_keys = ON;

-- Restaurant
INSERT INTO "Restaurant" ("restaurant_id", "name", "email") VALUES
(1, 'Wagba Central', 'info@wagbacentral.com');

-- Branch
INSERT INTO "Branch" ("branch_id", "location", "open_at", "close_at", "restaurant_id") VALUES
(1, 'Nasr City, Cairo', '09:00', '02:00', 1),
(2, 'Maadi, Cairo', '10:00', '01:00', 1),
(3, 'Heliopolis, Cairo', '09:00', '00:00', 1),
(4, 'Zamalek, Cairo', '11:00', '03:00', 1),
(5, 'New Cairo, Cairo', '10:00', '02:00', 1);

-- Delivery_Zone
INSERT INTO "Delivery_Zone" ("zone_id", "branch_id", "location") VALUES
(1, 1, 'Nasr City'),
(2, 1, 'Heliopolis'),
(3, 1, 'Ain Shams'),
(4, 2, 'Maadi'),
(5, 2, 'Degla'),
(6, 2, 'Basatin'),
(7, 3, 'Sheraton'),
(8, 3, 'Heliopolis North'),
(9, 4, 'Zamalek'),
(10, 4, 'Garden City'),
(11, 5, 'New Cairo'),
(12, 5, 'Fifth Settlement');

-- Dynamic_Pricing_Rule
INSERT INTO "Dynamic_Pricing_Rule" ("rule_id", "name", "start_time", "end_time", "delivery_fee_multiplier") VALUES
(1, 'Iftar Rush', '17:30', '19:30', 1.5),
(2, 'Late Night', '23:00', '02:00', 1.3),
(3, 'Friday Lunch', '12:00', '14:00', 1.2),
(4, 'Morning Standard', '09:00', '12:00', 1.0);

-- Menu
INSERT INTO "Menu" ("menu_id", "name", "branch_id") VALUES
(1, 'Nasr City Menu', 1),
(2, 'Maadi Menu', 2),
(3, 'Heliopolis Menu', 3),
(4, 'Zamalek Menu', 4),
(5, 'New Cairo Menu', 5);

-- Category
INSERT INTO "Category" ("category_id", "name", "menu_id") VALUES
(1, 'Grills', 1),
(2, 'Sandwiches', 1),
(3, 'Sides', 1),
(4, 'Beverages', 1),
(5, 'Desserts', 1),
(6, 'Grills', 2),
(7, 'Wraps & Burgers', 2),
(8, 'Salads', 2),
(9, 'Hot Drinks', 2),
(10, 'Cold Drinks', 2),
(11, 'Main Dishes', 3),
(12, 'Drinks', 3),
(13, 'Main Dishes', 4),
(14, 'Drinks', 4),
(15, 'Main Dishes', 5),
(16, 'Drinks', 5);

-- Item
INSERT INTO "Item" ("item_id", "category_id", "name", "unit_price", "is_available") VALUES
(1, 1, 'Mixed Grill Platter', 185, 'YES'),
(2, 1, 'Kofta Skewers (4 pcs)', 95, 'YES'),
(3, 1, 'Grilled Chicken Half', 120, 'YES'),
(4, 1, 'Lamb Chops (3 pcs)', 225, 'YES'),
(5, 1, 'Shish Tawook Skewer', 85, 'YES'),
(6, 2, 'Kofta Sandwich', 55, 'YES'),
(7, 2, 'Chicken Shawarma', 60, 'YES'),
(8, 2, 'Hawawshi', 65, 'YES'),
(9, 2, 'Falafel Sandwich', 30, 'YES'),
(10, 3, 'French Fries', 35, 'YES'),
(11, 3, 'Coleslaw', 25, 'YES'),
(12, 3, 'Rice & Bread', 20, 'YES'),
(13, 3, 'Grilled Veggies', 30, 'YES'),
(14, 4, 'Fresh Lemonade', 35, 'YES'),
(15, 4, 'Mango Juice', 40, 'YES'),
(16, 4, 'Soft Drink Can', 20, 'YES'),
(17, 4, 'Water 500ml', 10, 'YES'),
(18, 5, 'Umm Ali', 55, 'YES'),
(19, 5, 'Konafa Slice', 60, 'YES'),
(20, 5, 'Baklava Box', 80, 'YES'),
(21, 6, 'Quarter Chicken Grill', 95, 'YES'),
(22, 6, 'Kofta Platter', 100, 'YES'),
(23, 6, 'Beef Burger', 80, 'YES'),
(24, 6, 'Veggie Burger', 70, 'YES'),
(25, 7, 'Chicken Wrap', 65, 'YES'),
(26, 7, 'Kofta Wrap', 60, 'YES'),
(27, 7, 'Double Smash Burger', 110, 'YES'),
(28, 7, 'Crispy Chicken Burger', 95, 'YES'),
(29, 8, 'Fattoush', 40, 'YES'),
(30, 8, 'Greek Salad', 45, 'YES'),
(31, 8, 'Caesar Salad', 50, 'NO'),
(32, 9, 'Karak Tea', 25, 'YES'),
(33, 9, 'Espresso', 30, 'YES'),
(34, 9, 'Cappuccino', 45, 'YES'),
(35, 10, 'Fresh Orange Juice', 40, 'YES'),
(36, 10, 'Strawberry Milkshake', 55, 'YES'),
(37, 10, 'Iced Coffee', 50, 'YES'),
(38, 11, 'Grilled Chicken Plate', 100, 'YES'),
(39, 11, 'Kofta Plate', 90, 'YES'),
(40, 12, 'Soft Drink', 20, 'YES'),
(41, 13, 'Grilled Chicken Plate', 105, 'YES'),
(42, 13, 'Mixed Grill', 170, 'YES'),
(43, 14, 'Fresh Juice', 35, 'YES'),
(44, 15, 'Kofta Plate', 95, 'YES'),
(45, 15, 'Chicken Wrap', 65, 'YES'),
(46, 16, 'Lemonade', 30, 'YES');

-- Modifier_Group
INSERT INTO "Modifier_Group" ("group_id", "item_id", "min_selections", "name", "max_selections") VALUES
(1, 2, 1, 'Spice Level', 1),
(2, 3, 0, 'Sauce', 2),
(3, 7, 0, 'Extras', 3),
(4, 7, 1, 'Bread Type', 1),
(5, 10, 1, 'Size', 1),
(6, 23, 0, 'Toppings', 5),
(7, 23, 1, 'Bun Type', 1),
(8, 27, 0, 'Add-ons', 4),
(9, 34, 1, 'Milk Type', 1),
(10, 36, 1, 'Size', 1);

-- Modifier_Option
INSERT INTO "Modifier_Option" ("option_id", "name", "group_id", "price", "is_available") VALUES
(1, 'Mild', 1, 0, 'YES'),
(2, 'Medium', 1, 0, 'YES'),
(3, 'Hot', 1, 0, 'YES'),
(4, 'Extra Hot', 1, 0, 'YES'),
(5, 'Garlic Sauce', 2, 5, 'YES'),
(6, 'BBQ Sauce', 2, 5, 'YES'),
(7, 'Chilli Sauce', 2, 5, 'YES'),
(8, 'No Sauce', 2, 0, 'YES'),
(9, 'Extra Pickles', 3, 3, 'YES'),
(10, 'Extra Tahini', 3, 5, 'YES'),
(11, 'Fried Egg', 3, 10, 'YES'),
(12, 'Extra Meat', 3, 20, 'YES'),
(13, 'Regular Bread', 4, 0, 'YES'),
(14, 'Toasted Bread', 4, 2, 'YES'),
(15, 'Thin Bread', 4, 0, 'YES'),
(16, 'Small', 5, 0, 'YES'),
(17, 'Medium', 5, 5, 'YES'),
(18, 'Large', 5, 10, 'YES'),
(19, 'Cheddar Cheese', 6, 8, 'YES'),
(20, 'Caramelised Onion', 6, 5, 'YES'),
(21, 'Jalapenos', 6, 4, 'YES'),
(22, 'Mushrooms', 6, 7, 'YES'),
(23, 'Lettuce & Tomato', 6, 0, 'YES'),
(24, 'Sesame Bun', 7, 0, 'YES'),
(25, 'Brioche Bun', 7, 5, 'YES'),
(26, 'Gluten-Free Bun', 7, 15, 'YES'),
(27, 'Extra Patty', 8, 30, 'YES'),
(28, 'Bacon Strip', 8, 15, 'YES'),
(29, 'Fried Egg', 8, 10, 'YES'),
(30, 'Extra Cheese', 8, 8, 'YES'),
(31, 'Whole Milk', 9, 0, 'YES'),
(32, 'Oat Milk', 9, 8, 'YES'),
(33, 'Almond Milk', 9, 8, 'YES'),
(34, 'Skim Milk', 9, 0, 'YES'),
(35, 'Regular', 10, 0, 'YES'),
(36, 'Large', 10, 15, 'YES');

-- Customer
INSERT INTO "Customer" ("customer_id", "name", "email") VALUES
(1, 'Ahmed Hassan', 'ahmed.hassan@gmail.com'),
(2, 'Mariam Khalil', 'mariam.khalil@outlook.com'),
(3, 'Omar Fathy', 'omar.fathy@yahoo.com'),
(4, 'Nour Samir', 'nour.samir@gmail.com'),
(5, 'Youssef Adel', 'youssef.adel@hotmail.com'),
(6, 'Sara El-Naggar', 'sara.elnaggar@gmail.com'),
(7, 'Karim Mansour', 'karim.mansour@gmail.com'),
(8, 'Dina Fouad', 'dina.fouad@outlook.com'),
(9, 'Mostafa Sayed', 'mostafa.sayed@gmail.com'),
(10, 'Hana Sherif', 'hana.sherif@gmail.com'),
(11, 'Tarek Ibrahim', 'tarek.ibrahim@yahoo.com'),
(12, 'Rana Gamal', 'rana.gamal@gmail.com'),
(13, 'Amr El-Sheikh', 'amr.elsheikh@hotmail.com'),
(14, 'Layla Nasser', 'layla.nasser@gmail.com'),
(15, 'Mohamed Ashraf', 'mohamed.ashraf@gmail.com'),
(16, 'Farida Osman', 'farida.osman@outlook.com'),
(17, 'Ziad Hamdi', 'ziad.hamdi@gmail.com'),
(18, 'Salma Wael', 'salma.wael@gmail.com'),
(19, 'Bassem Ramzy', 'bassem.ramzy@hotmail.com'),
(20, 'Noha Lotfy', 'noha.lotfy@gmail.com'),
(21, 'Mona Atef', 'mona.atef@gmail.com'),
(22, 'Hazem Sobhy', 'hazem.sobhy@outlook.com'),
(23, 'Dalia Kamal', 'dalia.kamal@gmail.com'),
(24, 'Sameh Naguib', 'sameh.naguib@yahoo.com'),
(25, 'Hend Farouk', 'hend.farouk@gmail.com'),
(26, 'Kareem Aziz', 'kareem.aziz@hotmail.com'),
(27, 'Nadia Helmy', 'nadia.helmy@gmail.com'),
(28, 'Sherif Anwar', 'sherif.anwar@outlook.com'),
(29, 'Iman Saber', 'iman.saber@gmail.com'),
(30, 'Wael Gohar', 'wael.gohar@gmail.com');

-- Customer_Phone_Number
INSERT INTO "Customer_Phone_Number" ("phone_id", "customer_id", "phone_number", "is_primary") VALUES
(1, 1, '01001234567', 'YES'),
(2, 2, '01112345678', 'YES'),
(3, 3, '01223456789', 'YES'),
(4, 4, '01334567890', 'YES'),
(5, 5, '01445678901', 'YES'),
(6, 6, '01556789012', 'YES'),
(7, 7, '01067890123', 'YES'),
(8, 8, '01178901234', 'YES'),
(9, 9, '01289012345', 'YES'),
(10, 10, '01390123456', 'YES'),
(11, 11, '01001112233', 'YES'),
(12, 12, '01112223344', 'YES'),
(13, 13, '01223334455', 'YES'),
(14, 14, '01334445566', 'YES'),
(15, 15, '01445556677', 'YES'),
(16, 16, '01556667788', 'YES'),
(17, 17, '01067778899', 'YES'),
(18, 18, '01178889900', 'YES'),
(19, 19, '01289990011', 'YES'),
(20, 20, '01390001122', 'YES'),
(21, 1, '01501234567', 'NO'),
(22, 5, '01612345678', 'NO'),
(23, 21, '01021345678', 'YES'),
(24, 22, '01122345678', 'YES'),
(25, 23, '01223445678', 'YES'),
(26, 24, '01324456789', 'YES'),
(27, 25, '01425567890', 'YES'),
(28, 26, '01526678901', 'YES'),
(29, 27, '01027789012', 'YES'),
(30, 28, '01128890123', 'YES'),
(31, 29, '01229901234', 'YES'),
(32, 30, '01330012345', 'YES');

-- Address
INSERT INTO "Address" ("Address_id", "customer_id", "street", "floor", "gps_lat", "gps_ln", "building", "is_charity") VALUES
(1, 1, 101, 3, 30.0626, 31.3357, 12, 'NO'),
(2, 2, 45, 1, 29.9622, 31.2497, 7, 'NO'),
(3, 3, 22, 0, 30.0892, 31.3225, 3, 'NO'),
(4, 4, 88, 2, 30.0626, 31.3357, 18, 'NO'),
(5, 5, 60, 5, 30.058, 31.2344, 25, 'NO'),
(6, 6, 15, 0, 29.9622, 31.2497, 4, 'NO'),
(7, 7, 73, 4, 30.0892, 31.3225, 9, 'NO'),
(8, 8, 200, 6, 30.0626, 31.3357, 31, 'NO'),
(9, 9, 33, 2, 29.9622, 31.2497, 11, 'NO'),
(10, 10, 55, 3, 30.058, 31.2344, 6, 'NO'),
(11, 11, 120, 1, 30.12, 31.39, 20, 'NO'),
(12, 12, 19, 0, 30.0626, 31.3357, 2, 'NO'),
(13, 13, 77, 7, 29.9622, 31.2497, 14, 'NO'),
(14, 14, 9, 1, 30.058, 31.2344, 1, 'NO'),
(15, 15, 66, 4, 30.12, 31.39, 17, 'NO'),
(16, 16, 44, 2, 30.0892, 31.3225, 8, 'NO'),
(17, 17, 11, 0, 30.0626, 31.3357, 5, 'NO'),
(18, 18, 99, 3, 29.9622, 31.2497, 22, 'NO'),
(19, 19, 150, 5, 30.058, 31.2344, 33, 'NO'),
(20, 20, 28, 1, 30.12, 31.39, 10, 'NO'),
(21, 3, 1, 0, 30.05, 31.3, 1, 'YES'),
(22, 7, 1, 0, 29.97, 31.26, 1, 'YES'),
(23, 21, 37, 2, 30.0626, 31.3357, 15, 'NO'),
(24, 22, 82, 4, 29.9622, 31.2497, 9, 'NO'),
(25, 23, 14, 1, 30.0892, 31.3225, 6, 'NO'),
(26, 24, 110, 3, 30.058, 31.2344, 22, 'NO'),
(27, 25, 48, 0, 30.12, 31.39, 4, 'NO'),
(28, 26, 91, 5, 30.0626, 31.3357, 28, 'NO'),
(29, 27, 26, 2, 29.9622, 31.2497, 7, 'NO'),
(30, 28, 63, 1, 30.0892, 31.3225, 13, 'NO'),
(31, 29, 130, 6, 30.058, 31.2344, 19, 'NO'),
(32, 30, 5, 0, 30.12, 31.39, 2, 'NO');

-- Delivery_Captain
INSERT INTO "Delivery_Captain" ("captain_id", "name", "email", "vehicle_type", "vehicle_plate", "current_status") VALUES
(1, 'Mahmoud Salah', 'mahmoud.salah@wagba.com', 'Motorcycle', 'ABC-1234', 'avaiable'),
(2, 'Khaled Nabil', 'khaled.nabil@wagba.com', 'Motorcycle', 'DEF-5678', 'avaiable'),
(3, 'Wael Taha', 'wael.taha@wagba.com', 'Bicycle', 'N/A', 'on_delivery'),
(4, 'Sherif Maged', 'sherif.maged@wagba.com', 'Motorcycle', 'GHI-9012', 'avaiable'),
(5, 'Hossam Adly', 'hossam.adly@wagba.com', 'Car', 'JKL-3456', 'on_delivery'),
(6, 'Adel Raouf', 'adel.raouf@wagba.com', 'Motorcycle', 'MNO-7890', 'avaiable'),
(7, 'Fady Boulos', 'fady.boulos@wagba.com', 'Bicycle', 'N/A', 'offline'),
(8, 'Islam Gamal', 'islam.gamal@wagba.com', 'Motorcycle', 'PQR-1122', 'avaiable'),
(9, 'Ramy Saad', 'ramy.saad@wagba.com', 'Car', 'STU-3344', 'on_delivery'),
(10, 'Essam Waheed', 'essam.waheed@wagba.com', 'Motorcycle', 'VWX-5566', 'avaiable');

-- Captain_Phone_Number
INSERT INTO "Captain_Phone_Number" ("phone_id", "captain_id", "phone_number", "is_primary") VALUES
(1, 1, '01010101010', 'YES'),
(2, 2, '01020202020', 'YES'),
(3, 3, '01030303030', 'YES'),
(4, 4, '01040404040', 'YES'),
(5, 5, '01050505050', 'YES'),
(6, 6, '01060606060', 'YES'),
(7, 7, '01070707070', 'YES'),
(8, 8, '01080808080', 'YES'),
(9, 9, '01090909090', 'YES'),
(10, 10, '01100101010', 'YES');

-- Promocode
INSERT INTO "Promocode" ("promocode_id", "code", "type", "discount_value", "expiry_date", "max_use_per_user", "global_max_uses") VALUES
(1, 'WELCOME10', 'percentage', 10.0, '2025-12-31', 1, 500),
(2, 'IFTAR20', 'percentage', 20.0, '2025-04-10', 3, 300),
(3, 'FLAT15', 'fixed', 15000.0, '2025-06-30', 2, 200),
(4, 'FIRSTORDER', 'percentage', 15.0, '2026-01-01', 1, 1000),
(5, 'CHARITY5', 'fixed', 5000.0, '2025-12-31', 5, 100);

-- Order
INSERT INTO "Order" ("order_id", "branch_id", "captain_id", "total_price", "status", "type", "scheduled_delivery_time", "is_donation", "created_at", "customer_id") VALUES
(1, 1, 1, 295, 'deliverd', 'ASAP', NULL, 'NO', '2025-03-01 12:15:00', 1),
(2, 1, 2, 190, 'deliverd', 'ASAP', NULL, 'NO', '2025-03-01 13:00:00', 2),
(3, 2, 3, 208, 'deliverd', 'ASAP', NULL, 'NO', '2025-03-02 14:30:00', 3),
(4, 2, 4, 155, 'deliverd', 'ASAP', NULL, 'NO', '2025-03-02 18:00:00', 4),
(5, 3, 5, 300, 'deliverd', 'ASAP', NULL, 'NO', '2025-03-03 11:45:00', 5),
(6, 1, 6, 100, 'deliverd', 'ASAP', NULL, 'NO', '2025-03-03 20:00:00', 6),
(7, 2, 7, 115, 'deliverd', 'ASAP', NULL, 'NO', '2025-03-04 13:30:00', 7),
(8, 4, 8, 410, 'deliverd', 'ASAP', NULL, 'NO', '2025-03-04 14:00:00', 8),
(9, 5, 9, 220, 'deliverd', 'ASAP', NULL, 'NO', '2025-03-05 12:00:00', 9),
(10, 1, 10, 65, 'deliverd', 'ASAP', NULL, 'NO', '2025-03-05 21:30:00', 10),
(11, 2, 1, 245, 'deliverd', 'ASAP', NULL, 'NO', '2025-03-06 13:00:00', 11),
(12, 3, 2, 165, 'deliverd', 'ASAP', NULL, 'NO', '2025-03-06 19:45:00', 12),
(13, 1, 3, 210, 'deliverd', 'ASAP', NULL, 'NO', '2025-03-07 12:30:00', 13),
(14, 2, 4, 205, 'deliverd', 'ASAP', NULL, 'NO', '2025-03-07 14:00:00', 14),
(15, 4, 5, 280, 'deliverd', 'ASAP', NULL, 'NO', '2025-03-08 15:00:00', 15),
(16, 5, 6, 95, 'deliverd', 'ASAP', NULL, 'NO', '2025-03-08 13:15:00', 16),
(17, 1, 7, 150, 'deliverd', 'ASAP', NULL, 'NO', '2025-03-09 12:00:00', 17),
(18, 2, 8, 85, 'deliverd', 'ASAP', NULL, 'NO', '2025-03-09 20:30:00', 18),
(19, 3, 9, 270, 'deliverd', 'ASAP', NULL, 'NO', '2025-03-10 13:45:00', 19),
(20, 1, 10, 135, 'deliverd', 'ASAP', NULL, 'NO', '2025-03-10 22:00:00', 20),
(21, 2, 1, 150, 'deliverd', 'ASAP', NULL, 'NO', '2025-03-11 14:00:00', 1),
(22, 1, 2, 225, 'deliverd', 'ASAP', NULL, 'NO', '2025-03-11 12:30:00', 3),
(23, 4, 3, 205, 'deliverd', 'ASAP', NULL, 'NO', '2025-03-12 19:00:00', 5),
(24, 5, 4, 95, 'deliverd', 'ASAP', NULL, 'NO', '2025-03-12 13:00:00', 7),
(25, 2, 5, 270, 'deliverd', 'ASAP', NULL, 'NO', '2025-03-13 14:30:00', 9),
(26, 1, 6, 0, 'cancelled', 'ASAP', NULL, 'NO', '2025-03-13 15:00:00', 11),
(27, 3, 7, 0, 'cancelled', 'ASAP', NULL, 'NO', '2025-03-14 11:00:00', 13),
(28, 1, 8, 340, 'deliverd', 'scheduled', '2025-03-15 18:30:00', 'NO', '2025-03-15 10:00:00', 2),
(29, 2, 9, 290, 'deliverd', 'scheduled', '2025-03-16 18:30:00', 'NO', '2025-03-16 09:30:00', 4),
(30, 1, 10, 430, 'deliverd', 'scheduled', '2025-03-17 18:30:00', 'NO', '2025-03-17 08:00:00', 6),
(31, 3, 1, 190, 'deliverd', 'scheduled', '2025-03-18 18:30:00', 'NO', '2025-03-18 11:00:00', 8),
(32, 4, 2, 470, 'deliverd', 'scheduled', '2025-03-19 18:30:00', 'NO', '2025-03-19 10:30:00', 10),
(33, 5, 3, 220, 'deliverd', 'scheduled', '2025-03-20 18:30:00', 'NO', '2025-03-20 09:00:00', 12),
(34, 2, 4, 145, 'deliverd', 'scheduled', '2025-03-21 19:00:00', 'NO', '2025-03-21 12:00:00', 14),
(35, 1, 5, 435, 'deliverd', 'scheduled', '2025-03-22 18:30:00', 'NO', '2025-03-22 08:30:00', 16),
(36, 3, 6, 220, 'deliverd', 'scheduled', '2025-03-23 18:30:00', 'NO', '2025-03-23 10:00:00', 18),
(37, 1, 7, 520, 'deliverd', 'scheduled', '2025-03-24 19:00:00', 'NO', '2025-03-24 11:30:00', 20),
(38, 2, 8, 245, 'out_for_delivery', 'scheduled', '2025-03-25 18:30:00', 'NO', '2025-03-25 09:00:00', 15),
(39, 4, 9, 0, 'accepted', 'scheduled', '2025-03-26 18:30:00', 'NO', '2025-03-26 10:00:00', 17),
(40, 1, 1, 220, 'deliverd', 'ASAP', NULL, 'YES', '2025-03-05 13:00:00', 3),
(41, 2, 2, 120, 'deliverd', 'ASAP', NULL, 'YES', '2025-03-10 14:00:00', 7),
(42, 1, 3, 285, 'deliverd', 'ASAP', NULL, 'YES', '2025-03-15 12:30:00', 10),
(43, 3, 4, 170, 'deliverd', 'ASAP', NULL, 'YES', '2025-03-18 13:00:00', 14),
(44, 5, 5, 95, 'deliverd', 'ASAP', NULL, 'YES', '2025-03-21 11:00:00', 19),
(45, 1, 6, 155, 'deliverd', 'ASAP', NULL, 'NO', '2025-03-14 12:00:00', 2),
(46, 2, 7, 210, 'deliverd', 'ASAP', NULL, 'NO', '2025-03-15 13:30:00', 4),
(47, 3, 8, 65, 'deliverd', 'ASAP', NULL, 'NO', '2025-03-16 21:00:00', 6),
(48, 4, 9, 240, 'deliverd', 'ASAP', NULL, 'NO', '2025-03-17 14:00:00', 8),
(49, 5, 10, 125, 'deliverd', 'ASAP', NULL, 'NO', '2025-03-18 12:30:00', 10),
(50, 1, 1, 195, 'preparing', 'ASAP', NULL, 'NO', '2025-03-25 13:00:00', 11),
(51, 2, 2, 85, 'out_for_delivery', 'ASAP', NULL, 'NO', '2025-03-25 13:15:00', 12),
(52, 3, 3, 170, 'accepted', 'ASAP', NULL, 'NO', '2025-03-25 13:20:00', 13),
(53, 4, 4, 300, 'pending', 'ASAP', NULL, 'NO', '2025-03-25 13:25:00', 14),
(54, 5, 5, 50, 'pending', 'ASAP', NULL, 'NO', '2025-03-25 13:30:00', 15),
(55, 1, 6, 190, 'deliverd', 'ASAP', NULL, 'NO', '2025-03-24 20:00:00', 16),
(56, 2, 1, 160, 'deliverd', 'ASAP', NULL, 'NO', '2025-03-26 12:00:00', 21),
(57, 3, 2, 200, 'deliverd', 'ASAP', NULL, 'NO', '2025-03-26 13:30:00', 22),
(58, 4, 3, 300, 'deliverd', 'ASAP', NULL, 'NO', '2025-03-26 19:00:00', 23),
(59, 5, 4, 145, 'deliverd', 'ASAP', NULL, 'NO', '2025-03-27 12:00:00', 24),
(60, 1, 5, 240, 'deliverd', 'ASAP', NULL, 'NO', '2025-03-27 13:00:00', 25),
(61, 2, 6, 115, 'deliverd', 'ASAP', NULL, 'NO', '2025-03-27 20:30:00', 26),
(62, 3, 7, 175, 'deliverd', 'ASAP', NULL, 'NO', '2025-03-28 12:30:00', 27),
(63, 4, 8, 455, 'deliverd', 'ASAP', NULL, 'NO', '2025-03-28 14:00:00', 28),
(64, 5, 9, 160, 'deliverd', 'ASAP', NULL, 'NO', '2025-03-28 21:00:00', 29),
(65, 1, 10, 215, 'deliverd', 'ASAP', NULL, 'NO', '2025-03-29 12:00:00', 30),
(66, 1, 1, 260, 'deliverd', 'ASAP', NULL, 'NO', '2025-03-29 13:00:00', 1),
(67, 2, 2, 160, 'deliverd', 'ASAP', NULL, 'NO', '2025-03-29 14:30:00', 3),
(68, 3, 3, 290, 'deliverd', 'ASAP', NULL, 'NO', '2025-03-30 12:00:00', 5),
(69, 4, 4, 185, 'deliverd', 'ASAP', NULL, 'NO', '2025-03-30 13:00:00', 7),
(70, 5, 5, 160, 'deliverd', 'ASAP', NULL, 'NO', '2025-03-30 20:00:00', 9),
(71, 1, 6, 320, 'deliverd', 'ASAP', NULL, 'NO', '2025-03-31 12:00:00', 11),
(72, 2, 7, 140, 'deliverd', 'ASAP', NULL, 'NO', '2025-03-31 13:30:00', 13),
(73, 3, 8, 170, 'deliverd', 'ASAP', NULL, 'NO', '2025-03-31 19:30:00', 15),
(74, 4, 9, 285, 'deliverd', 'ASAP', NULL, 'NO', '2025-04-01 12:00:00', 17),
(75, 5, 10, 155, 'deliverd', 'ASAP', NULL, 'NO', '2025-04-01 13:00:00', 19),
(76, 1, 1, 160, 'deliverd', 'ASAP', NULL, 'NO', '2025-04-01 21:00:00', 21),
(77, 2, 2, 190, 'deliverd', 'ASAP', NULL, 'NO', '2025-04-02 12:30:00', 22),
(78, 3, 3, 200, 'deliverd', 'ASAP', NULL, 'NO', '2025-04-02 13:00:00', 23),
(79, 4, 4, 375, 'deliverd', 'ASAP', NULL, 'NO', '2025-04-02 20:00:00', 24),
(80, 5, 5, 120, 'deliverd', 'ASAP', NULL, 'NO', '2025-04-03 12:00:00', 25),
(81, 1, 6, 145, 'cancelled', 'ASAP', NULL, 'NO', '2025-04-03 14:00:00', 26),
(82, 2, 7, 140, 'cancelled', 'ASAP', NULL, 'NO', '2025-04-04 13:00:00', 27),
(83, 1, 8, 365, 'deliverd', 'scheduled', '2025-03-26 18:30:00', 'NO', '2025-03-26 09:00:00', 21),
(84, 2, 9, 280, 'deliverd', 'scheduled', '2025-03-27 18:30:00', 'NO', '2025-03-27 09:30:00', 22),
(85, 3, 10, 200, 'deliverd', 'scheduled', '2025-03-28 18:30:00', 'NO', '2025-03-28 08:00:00', 23),
(86, 4, 1, 490, 'deliverd', 'scheduled', '2025-03-29 18:30:00', 'NO', '2025-03-29 10:00:00', 24),
(87, 5, 2, 240, 'deliverd', 'scheduled', '2025-03-30 18:30:00', 'NO', '2025-03-30 09:00:00', 25),
(88, 1, 3, 300, 'deliverd', 'scheduled', '2025-03-31 18:30:00', 'NO', '2025-03-31 10:30:00', 26),
(89, 2, 4, 140, 'deliverd', 'scheduled', '2025-04-01 19:00:00', 'NO', '2025-04-01 11:00:00', 27),
(90, 3, 5, 390, 'deliverd', 'scheduled', '2025-04-02 18:30:00', 'NO', '2025-04-02 08:30:00', 28),
(91, 4, 6, 240, 'deliverd', 'scheduled', '2025-04-03 18:30:00', 'NO', '2025-04-03 09:00:00', 29),
(92, 5, 7, 270, 'deliverd', 'scheduled', '2025-04-04 18:30:00', 'NO', '2025-04-04 10:00:00', 30),
(93, 1, 8, 340, 'out_for_delivery', 'scheduled', '2025-04-05 18:30:00', 'NO', '2025-04-05 10:00:00', 2),
(94, 2, 9, 270, 'accepted', 'scheduled', '2025-04-05 18:30:00', 'NO', '2025-04-05 11:00:00', 6),
(95, 3, 10, 170, 'accepted', 'scheduled', '2025-04-05 19:00:00', 'NO', '2025-04-05 11:30:00', 10),
(96, 1, 1, 205, 'deliverd', 'ASAP', NULL, 'YES', '2025-03-26 13:00:00', 21),
(97, 2, 2, 150, 'deliverd', 'ASAP', NULL, 'YES', '2025-03-28 14:00:00', 23),
(98, 3, 3, 235, 'deliverd', 'ASAP', NULL, 'YES', '2025-03-30 12:30:00', 25),
(99, 4, 4, 205, 'deliverd', 'ASAP', NULL, 'YES', '2025-04-01 13:00:00', 27),
(100, 5, 5, 115, 'deliverd', 'ASAP', NULL, 'YES', '2025-04-03 11:00:00', 29),
(101, 1, 6, 115, 'preparing', 'ASAP', NULL, 'NO', '2025-04-05 13:00:00', 22),
(102, 2, 7, 110, 'out_for_delivery', 'ASAP', NULL, 'NO', '2025-04-05 13:15:00', 24),
(103, 3, 8, 160, 'accepted', 'ASAP', NULL, 'NO', '2025-04-05 13:20:00', 26),
(104, 4, 9, 275, 'pending', 'ASAP', NULL, 'NO', '2025-04-05 13:25:00', 28),
(105, 5, 10, 125, 'pending', 'ASAP', NULL, 'NO', '2025-04-05 13:30:00', 30),
(106, 1, 1, 215, 'deliverd', 'ASAP', NULL, 'NO', '2025-04-04 12:00:00', 2),
(107, 2, 2, 165, 'deliverd', 'ASAP', NULL, 'NO', '2025-04-04 13:30:00', 4),
(108, 3, 3, 90, 'deliverd', 'ASAP', NULL, 'NO', '2025-04-04 21:00:00', 6),
(109, 4, 4, 300, 'deliverd', 'ASAP', NULL, 'NO', '2025-04-04 14:00:00', 8),
(110, 5, 5, 145, 'deliverd', 'ASAP', NULL, 'NO', '2025-04-04 12:30:00', 10);

-- Order_Item
INSERT INTO "Order_Item" ("order_item_id", "order_id", "item_id", "quantity", "unit_price") VALUES
(1, 1, 1, 1, 185),
(2, 1, 10, 1, 35),
(3, 1, 14, 2, 35),
(4, 2, 3, 1, 120),
(5, 2, 12, 1, 20),
(6, 2, 16, 2, 20),
(7, 3, 23, 1, 80),
(8, 3, 29, 1, 40),
(9, 3, 35, 2, 40),
(10, 4, 25, 2, 65),
(11, 4, 32, 1, 25),
(12, 5, 38, 2, 100),
(13, 5, 40, 2, 20),
(14, 5, 46, 2, 30),
(15, 6, 7, 1, 60),
(16, 6, 10, 1, 35),
(17, 7, 24, 1, 70),
(18, 7, 30, 1, 45),
(19, 8, 42, 2, 170),
(20, 8, 43, 2, 35),
(21, 9, 44, 2, 95),
(22, 9, 46, 1, 30),
(23, 10, 6, 1, 55),
(24, 10, 17, 1, 10),
(25, 11, 22, 2, 100),
(26, 11, 34, 1, 45),
(27, 12, 39, 1, 90),
(28, 12, 40, 2, 20),
(29, 12, 43, 1, 35),
(30, 13, 1, 1, 185),
(31, 13, 11, 1, 25),
(32, 14, 27, 1, 110),
(33, 14, 37, 1, 50),
(34, 14, 30, 1, 45),
(35, 15, 41, 2, 105),
(36, 15, 43, 2, 35),
(37, 16, 45, 1, 65),
(38, 16, 46, 1, 30),
(39, 17, 3, 1, 120),
(40, 17, 13, 1, 30),
(41, 18, 26, 1, 60),
(42, 18, 32, 1, 25),
(43, 19, 38, 2, 100),
(44, 19, 40, 2, 20),
(45, 19, 46, 1, 30),
(46, 20, 8, 1, 65),
(47, 20, 14, 2, 35),
(48, 21, 28, 1, 95),
(49, 21, 36, 1, 55),
(50, 22, 2, 2, 95),
(51, 22, 14, 1, 35),
(52, 23, 42, 1, 170),
(53, 23, 43, 1, 35),
(54, 24, 45, 1, 65),
(55, 24, 46, 1, 30),
(56, 25, 27, 2, 110),
(57, 25, 37, 1, 50),
(58, 28, 1, 1, 185),
(59, 28, 2, 1, 95),
(60, 28, 18, 1, 55),
(61, 29, 22, 2, 100),
(62, 29, 34, 2, 45),
(63, 30, 1, 2, 185),
(64, 30, 19, 1, 60),
(65, 31, 38, 1, 100),
(66, 31, 39, 1, 90),
(67, 32, 8, 2, 65),
(68, 32, 42, 2, 170),
(69, 33, 44, 2, 95),
(70, 33, 46, 1, 30),
(71, 34, 26, 2, 60),
(72, 34, 32, 1, 25),
(73, 35, 3, 2, 120),
(74, 35, 1, 1, 185),
(75, 36, 39, 2, 90),
(76, 36, 40, 2, 20),
(77, 37, 4, 2, 225),
(78, 37, 14, 2, 35),
(79, 38, 22, 2, 100),
(80, 38, 34, 1, 45),
(81, 40, 1, 1, 185),
(82, 40, 10, 1, 35),
(83, 41, 23, 1, 80),
(84, 41, 29, 1, 40),
(85, 42, 4, 1, 225),
(86, 42, 19, 1, 60),
(87, 43, 38, 1, 100),
(88, 43, 40, 2, 20),
(89, 43, 46, 1, 30),
(90, 44, 45, 1, 65),
(91, 44, 46, 1, 30),
(92, 45, 7, 2, 60),
(93, 45, 10, 1, 35),
(94, 46, 25, 2, 65),
(95, 46, 35, 2, 40),
(96, 47, 9, 1, 30),
(97, 47, 10, 1, 35),
(98, 48, 42, 1, 170),
(99, 48, 43, 2, 35),
(100, 49, 44, 1, 95),
(101, 49, 46, 1, 30),
(102, 50, 3, 1, 120),
(103, 50, 14, 2, 35),
(104, 51, 26, 1, 60),
(105, 51, 32, 1, 25),
(106, 52, 38, 1, 100),
(107, 52, 40, 2, 20),
(108, 52, 46, 1, 30),
(109, 53, 8, 2, 65),
(110, 53, 42, 1, 170),
(111, 54, 9, 1, 30),
(112, 54, 17, 2, 10),
(113, 55, 7, 2, 60),
(114, 55, 14, 2, 35),
(115, 56, 26, 2, 60),
(116, 56, 46, 1, 30),
(117, 56, 17, 1, 10),
(118, 57, 38, 2, 100),
(119, 58, 42, 1, 170),
(120, 58, 19, 1, 60),
(121, 58, 43, 2, 35),
(122, 59, 44, 1, 95),
(123, 59, 46, 1, 30),
(124, 59, 17, 2, 10),
(125, 60, 1, 1, 185),
(126, 60, 10, 1, 35),
(127, 60, 17, 2, 10),
(128, 61, 25, 1, 65),
(129, 61, 32, 2, 25),
(130, 62, 39, 1, 90),
(131, 62, 30, 1, 45),
(132, 62, 40, 2, 20),
(133, 63, 42, 2, 170),
(134, 63, 20, 1, 80),
(135, 63, 43, 1, 35),
(136, 64, 45, 2, 65),
(137, 64, 46, 1, 30),
(138, 65, 3, 1, 120),
(139, 65, 11, 1, 25),
(140, 65, 14, 2, 35),
(141, 66, 1, 1, 185),
(142, 66, 18, 1, 55),
(143, 66, 17, 2, 10),
(144, 67, 26, 2, 60),
(145, 67, 46, 1, 30),
(146, 67, 17, 1, 10),
(147, 68, 22, 2, 100),
(148, 68, 34, 2, 45),
(149, 69, 41, 1, 105),
(150, 69, 43, 2, 35),
(151, 69, 17, 1, 10),
(152, 70, 45, 2, 65),
(153, 70, 46, 1, 30),
(154, 71, 4, 1, 225),
(155, 71, 19, 1, 60),
(156, 71, 14, 1, 35),
(157, 72, 26, 2, 60),
(158, 72, 40, 1, 20),
(159, 73, 23, 1, 80),
(160, 73, 29, 1, 40),
(161, 73, 37, 1, 50),
(162, 74, 42, 1, 170),
(163, 74, 20, 1, 80),
(164, 74, 43, 1, 35),
(165, 75, 44, 1, 95),
(166, 75, 46, 1, 30),
(167, 75, 17, 3, 10),
(168, 76, 5, 1, 85),
(169, 76, 10, 1, 35),
(170, 76, 16, 2, 20),
(171, 77, 27, 1, 110),
(172, 77, 35, 2, 40),
(173, 78, 39, 2, 90),
(174, 78, 40, 1, 20),
(175, 79, 42, 2, 170),
(176, 79, 43, 1, 35),
(177, 80, 9, 2, 30),
(178, 80, 46, 2, 30),
(179, 81, 6, 2, 55),
(180, 81, 10, 1, 35),
(181, 82, 7, 2, 60),
(182, 82, 17, 2, 10),
(183, 83, 1, 1, 185),
(184, 83, 18, 2, 55),
(185, 83, 14, 2, 35),
(186, 84, 22, 2, 100),
(187, 84, 19, 1, 60),
(188, 84, 40, 1, 20),
(189, 85, 38, 1, 100),
(190, 85, 40, 2, 20),
(191, 85, 46, 2, 30),
(192, 86, 42, 2, 170),
(193, 86, 20, 1, 80),
(194, 86, 43, 2, 35),
(195, 87, 45, 2, 65),
(196, 87, 32, 2, 25),
(197, 87, 46, 2, 30),
(198, 88, 3, 1, 120),
(199, 88, 18, 2, 55),
(200, 88, 14, 2, 35),
(201, 89, 26, 2, 60),
(202, 89, 40, 1, 20),
(203, 90, 4, 1, 225),
(204, 90, 19, 1, 60),
(205, 90, 43, 3, 35),
(206, 91, 42, 1, 170),
(207, 91, 43, 2, 35),
(208, 92, 44, 2, 95),
(209, 92, 46, 2, 30),
(210, 92, 17, 2, 10),
(211, 93, 1, 1, 185),
(212, 93, 19, 2, 60),
(213, 93, 14, 1, 35),
(214, 94, 22, 2, 100),
(215, 94, 40, 1, 20),
(216, 94, 32, 2, 25),
(217, 95, 38, 1, 100),
(218, 95, 40, 2, 20),
(219, 95, 46, 1, 30),
(220, 96, 1, 1, 185),
(221, 96, 40, 1, 20),
(222, 97, 38, 1, 100),
(223, 97, 46, 1, 30),
(224, 97, 17, 2, 10),
(225, 98, 22, 2, 100),
(226, 98, 43, 1, 35),
(227, 99, 42, 1, 170),
(228, 99, 43, 1, 35),
(229, 100, 45, 1, 65),
(230, 100, 46, 1, 30),
(231, 100, 17, 2, 10),
(232, 101, 7, 1, 60),
(233, 101, 10, 1, 35),
(234, 101, 16, 1, 20),
(235, 102, 26, 1, 60),
(236, 102, 32, 2, 25),
(237, 103, 38, 1, 100),
(238, 103, 46, 2, 30),
(239, 104, 42, 1, 170),
(240, 104, 43, 3, 35),
(241, 105, 44, 1, 95),
(242, 105, 46, 1, 30),
(243, 106, 1, 1, 185),
(244, 106, 13, 1, 30),
(245, 107, 22, 1, 100),
(246, 107, 34, 1, 45),
(247, 107, 16, 1, 20),
(248, 108, 39, 1, 90),
(249, 109, 42, 1, 170),
(250, 109, 19, 1, 60),
(251, 109, 43, 2, 35),
(252, 110, 44, 1, 95),
(253, 110, 46, 1, 30),
(254, 110, 17, 2, 10);

-- Order_Item_Modifier
INSERT INTO "Order_Item_Modifier" ("order_item_modifier_id", "order_item_id", "option_id", "quantity", "unit_price", "created_at") VALUES
(1, 2, 17, 1, 5, '2025-03-01 12:15:00'),
(2, 4, 5, 1, 5, '2025-03-01 13:00:00'),
(3, 4, 6, 1, 5, '2025-03-01 13:00:00'),
(4, 7, 19, 1, 8, '2025-03-02 14:30:00'),
(5, 7, 24, 1, 0, '2025-03-02 14:30:00'),
(6, 7, 23, 1, 0, '2025-03-02 14:30:00'),
(7, 15, 9, 1, 3, '2025-03-07 12:30:00'),
(8, 15, 14, 1, 2, '2025-03-07 12:30:00'),
(9, 30, 2, 1, 0, '2025-03-07 12:30:00'),
(10, 58, 1, 1, 0, '2025-03-15 10:00:00'),
(11, 58, 5, 1, 5, '2025-03-15 10:00:00'),
(12, 63, 3, 1, 0, '2025-03-17 08:00:00'),
(13, 73, 5, 1, 5, '2025-03-22 08:30:00'),
(14, 73, 7, 1, 5, '2025-03-22 08:30:00'),
(15, 102, 5, 1, 5, '2025-03-25 13:00:00');

-- Payment
INSERT INTO "Payment" ("payment_id", "order_id", "payment_method", "status") VALUES
(1, 1, 'COD', 'complete'),
(2, 2, 'Wallet_Deduction', 'complete'),
(3, 3, 'Credit_Card', 'complete'),
(4, 4, 'COD', 'complete'),
(5, 5, 'Wallet_Deduction', 'complete'),
(6, 6, 'COD', 'complete'),
(7, 7, 'Credit_Card', 'complete'),
(8, 8, 'Wallet_Deduction', 'complete'),
(9, 9, 'COD', 'complete'),
(10, 10, 'Wallet_Deduction', 'complete'),
(11, 11, 'Credit_Card', 'complete'),
(12, 12, 'COD', 'complete'),
(13, 13, 'Wallet_Deduction', 'complete'),
(14, 14, 'Credit_Card', 'complete'),
(15, 15, 'COD', 'complete'),
(16, 16, 'Wallet_Deduction', 'complete'),
(17, 17, 'COD', 'complete'),
(18, 18, 'Credit_Card', 'complete'),
(19, 19, 'Wallet_Deduction', 'complete'),
(20, 20, 'COD', 'complete'),
(21, 21, 'Credit_Card', 'complete'),
(22, 22, 'Wallet_Deduction', 'complete'),
(23, 23, 'COD', 'complete'),
(24, 24, 'Credit_Card', 'complete'),
(25, 25, 'Wallet_Deduction', 'complete'),
(26, 26, 'COD', 'failed'),
(27, 27, 'Wallet_Deduction', 'failed'),
(28, 28, 'Credit_Card', 'complete'),
(29, 29, 'Wallet_Deduction', 'complete'),
(30, 30, 'COD', 'complete'),
(31, 31, 'Credit_Card', 'complete'),
(32, 32, 'Wallet_Deduction', 'complete'),
(33, 33, 'COD', 'complete'),
(34, 34, 'Credit_Card', 'complete'),
(35, 35, 'Wallet_Deduction', 'complete'),
(36, 36, 'COD', 'complete'),
(37, 37, 'Credit_Card', 'complete'),
(38, 38, 'Wallet_Deduction', 'pending'),
(39, 39, 'Credit_Card', 'pending'),
(40, 40, 'Wallet_Deduction', 'complete'),
(41, 41, 'COD', 'complete'),
(42, 42, 'Wallet_Deduction', 'complete'),
(43, 43, 'Credit_Card', 'complete'),
(44, 44, 'COD', 'complete'),
(45, 45, 'Wallet_Deduction', 'complete'),
(46, 46, 'Credit_Card', 'complete'),
(47, 47, 'COD', 'complete'),
(48, 48, 'Wallet_Deduction', 'complete'),
(49, 49, 'COD', 'complete'),
(50, 50, 'Credit_Card', 'pending'),
(51, 51, 'Wallet_Deduction', 'pending'),
(52, 52, 'COD', 'pending'),
(53, 53, 'Credit_Card', 'pending'),
(54, 54, 'Wallet_Deduction', 'pending'),
(55, 55, 'COD', 'complete'),
(56, 56, 'COD', 'complete'),
(57, 57, 'Credit_Card', 'complete'),
(58, 58, 'Wallet_Deduction', 'complete'),
(59, 59, 'COD', 'complete'),
(60, 60, 'Credit_Card', 'complete'),
(61, 61, 'Wallet_Deduction', 'complete'),
(62, 62, 'COD', 'complete'),
(63, 63, 'Credit_Card', 'complete'),
(64, 64, 'Wallet_Deduction', 'complete'),
(65, 65, 'COD', 'complete'),
(66, 66, 'Credit_Card', 'complete'),
(67, 67, 'Wallet_Deduction', 'complete'),
(68, 68, 'COD', 'complete'),
(69, 69, 'Credit_Card', 'complete'),
(70, 70, 'Wallet_Deduction', 'complete'),
(71, 71, 'COD', 'complete'),
(72, 72, 'Credit_Card', 'complete'),
(73, 73, 'Wallet_Deduction', 'complete'),
(74, 74, 'COD', 'complete'),
(75, 75, 'Credit_Card', 'complete'),
(76, 76, 'Wallet_Deduction', 'complete'),
(77, 77, 'COD', 'complete'),
(78, 78, 'Credit_Card', 'complete'),
(79, 79, 'Wallet_Deduction', 'complete'),
(80, 80, 'COD', 'complete'),
(81, 81, 'Credit_Card', 'failed'),
(82, 82, 'Wallet_Deduction', 'failed'),
(83, 83, 'COD', 'complete'),
(84, 84, 'Credit_Card', 'complete'),
(85, 85, 'Wallet_Deduction', 'complete'),
(86, 86, 'COD', 'complete'),
(87, 87, 'Credit_Card', 'complete'),
(88, 88, 'Wallet_Deduction', 'complete'),
(89, 89, 'COD', 'complete'),
(90, 90, 'Credit_Card', 'complete'),
(91, 91, 'Wallet_Deduction', 'complete'),
(92, 92, 'COD', 'complete'),
(93, 93, 'Credit_Card', 'pending'),
(94, 94, 'Wallet_Deduction', 'pending'),
(95, 95, 'COD', 'pending'),
(96, 96, 'Credit_Card', 'complete'),
(97, 97, 'Wallet_Deduction', 'complete'),
(98, 98, 'COD', 'complete'),
(99, 99, 'Credit_Card', 'complete'),
(100, 100, 'Wallet_Deduction', 'complete'),
(101, 101, 'COD', 'pending'),
(102, 102, 'Credit_Card', 'pending'),
(103, 103, 'Wallet_Deduction', 'pending'),
(104, 104, 'COD', 'pending'),
(105, 105, 'Credit_Card', 'pending'),
(106, 106, 'Wallet_Deduction', 'complete'),
(107, 107, 'COD', 'complete'),
(108, 108, 'Credit_Card', 'complete'),
(109, 109, 'Wallet_Deduction', 'complete'),
(110, 110, 'COD', 'complete');

-- Transaction
INSERT INTO "Transaction" ("transaction_id", "order_id", "type", "created_at", "amount") VALUES
(1, 1, 'cod', '2025-03-01 12:15:00', 295),
(2, 2, 'debit', '2025-03-01 13:00:00', 190),
(3, 3, 'credit', '2025-03-02 14:30:00', 208),
(4, 4, 'cod', '2025-03-02 18:00:00', 155),
(5, 5, 'debit', '2025-03-03 11:45:00', 300),
(6, 6, 'cod', '2025-03-03 20:00:00', 100),
(7, 7, 'credit', '2025-03-04 13:30:00', 115),
(8, 8, 'debit', '2025-03-04 14:00:00', 410),
(9, 9, 'cod', '2025-03-05 12:00:00', 220),
(10, 10, 'debit', '2025-03-05 21:30:00', 65),
(11, 11, 'credit', '2025-03-06 13:00:00', 245),
(12, 12, 'cod', '2025-03-06 19:45:00', 165),
(13, 13, 'debit', '2025-03-07 12:30:00', 210),
(14, 14, 'credit', '2025-03-07 14:00:00', 205),
(15, 15, 'cod', '2025-03-08 15:00:00', 280),
(16, 16, 'debit', '2025-03-08 13:15:00', 95),
(17, 17, 'cod', '2025-03-09 12:00:00', 150),
(18, 18, 'credit', '2025-03-09 20:30:00', 85),
(19, 19, 'debit', '2025-03-10 13:45:00', 270),
(20, 20, 'cod', '2025-03-10 22:00:00', 135),
(21, 21, 'credit', '2025-03-11 14:00:00', 150),
(22, 22, 'debit', '2025-03-11 12:30:00', 225),
(23, 23, 'cod', '2025-03-12 19:00:00', 205),
(24, 24, 'credit', '2025-03-12 13:00:00', 95),
(25, 25, 'debit', '2025-03-13 14:30:00', 270),
(26, 26, 'cod', '2025-03-13 15:30:00', 0),
(27, 27, 'debit', '2025-03-14 11:30:00', 0),
(28, 28, 'credit', '2025-03-15 18:30:00', 340),
(29, 29, 'debit', '2025-03-16 18:30:00', 290),
(30, 30, 'cod', '2025-03-17 18:30:00', 430),
(31, 31, 'credit', '2025-03-18 18:30:00', 190),
(32, 32, 'debit', '2025-03-19 18:30:00', 470),
(33, 33, 'cod', '2025-03-20 18:30:00', 220),
(34, 34, 'credit', '2025-03-21 19:00:00', 145),
(35, 35, 'debit', '2025-03-22 18:30:00', 435),
(36, 36, 'cod', '2025-03-23 18:30:00', 220),
(37, 37, 'credit', '2025-03-24 19:00:00', 520),
(38, 40, 'debit', '2025-03-05 13:00:00', 220),
(39, 41, 'cod', '2025-03-10 14:00:00', 120),
(40, 42, 'debit', '2025-03-15 12:30:00', 285),
(41, 43, 'credit', '2025-03-18 13:00:00', 170),
(42, 44, 'cod', '2025-03-21 11:00:00', 95),
(43, 45, 'debit', '2025-03-14 12:00:00', 155),
(44, 46, 'credit', '2025-03-15 13:30:00', 210),
(45, 47, 'cod', '2025-03-16 21:00:00', 65),
(46, 48, 'debit', '2025-03-17 14:00:00', 240),
(47, 49, 'cod', '2025-03-18 12:30:00', 125),
(48, 55, 'cod', '2025-03-24 20:00:00', 190),
(49, 56, 'cod', '2025-03-26 12:00:00', 160),
(50, 57, 'credit', '2025-03-26 13:30:00', 200),
(51, 58, 'debit', '2025-03-26 19:00:00', 300),
(52, 59, 'cod', '2025-03-27 12:00:00', 145),
(53, 60, 'credit', '2025-03-27 13:00:00', 240),
(54, 61, 'debit', '2025-03-27 20:30:00', 115),
(55, 62, 'cod', '2025-03-28 12:30:00', 175),
(56, 63, 'credit', '2025-03-28 14:00:00', 455),
(57, 64, 'debit', '2025-03-28 21:00:00', 160),
(58, 65, 'cod', '2025-03-29 12:00:00', 215),
(59, 66, 'credit', '2025-03-29 13:00:00', 260),
(60, 67, 'debit', '2025-03-29 14:30:00', 160),
(61, 68, 'cod', '2025-03-30 12:00:00', 290),
(62, 69, 'credit', '2025-03-30 13:00:00', 185),
(63, 70, 'debit', '2025-03-30 20:00:00', 160),
(64, 71, 'cod', '2025-03-31 12:00:00', 320),
(65, 72, 'credit', '2025-03-31 13:30:00', 140),
(66, 73, 'debit', '2025-03-31 19:30:00', 170),
(67, 74, 'cod', '2025-04-01 12:00:00', 285),
(68, 75, 'credit', '2025-04-01 13:00:00', 155),
(69, 76, 'debit', '2025-04-01 21:00:00', 160),
(70, 77, 'cod', '2025-04-02 12:30:00', 190),
(71, 78, 'credit', '2025-04-02 13:00:00', 200),
(72, 79, 'debit', '2025-04-02 20:00:00', 375),
(73, 80, 'cod', '2025-04-03 12:00:00', 120),
(74, 83, 'cod', '2025-03-26 09:00:00', 365),
(75, 84, 'credit', '2025-03-27 09:30:00', 280),
(76, 85, 'debit', '2025-03-28 08:00:00', 200),
(77, 86, 'cod', '2025-03-29 10:00:00', 490),
(78, 87, 'credit', '2025-03-30 09:00:00', 240),
(79, 88, 'debit', '2025-03-31 10:30:00', 300),
(80, 89, 'cod', '2025-04-01 11:00:00', 140),
(81, 90, 'credit', '2025-04-02 08:30:00', 390),
(82, 91, 'debit', '2025-04-03 09:00:00', 240),
(83, 92, 'cod', '2025-04-04 10:00:00', 270),
(84, 96, 'credit', '2025-03-26 13:00:00', 205),
(85, 97, 'debit', '2025-03-28 14:00:00', 150),
(86, 98, 'cod', '2025-03-30 12:30:00', 235),
(87, 99, 'credit', '2025-04-01 13:00:00', 205),
(88, 100, 'debit', '2025-04-03 11:00:00', 115),
(89, 106, 'debit', '2025-04-04 12:00:00', 215),
(90, 107, 'cod', '2025-04-04 13:30:00', 165),
(91, 108, 'credit', '2025-04-04 21:00:00', 90),
(92, 109, 'debit', '2025-04-04 14:00:00', 300),
(93, 110, 'cod', '2025-04-04 12:30:00', 145);

-- Wallet_Ledger
INSERT INTO "Wallet_Ledger" ("customer_id", "order_id", "transaction_id", "amount", "type", "created_at") VALUES
(2, 2, 2, 190, 'debit', '2025-03-01 13:00:00'),
(5, 5, 5, 300, 'debit', '2025-03-03 11:45:00'),
(8, 8, 8, 410, 'debit', '2025-03-04 14:00:00'),
(10, 10, 10, 65, 'debit', '2025-03-05 21:30:00'),
(11, 11, 11, 245, 'debit', '2025-03-06 13:00:00'),
(13, 13, 13, 210, 'debit', '2025-03-07 12:30:00'),
(16, 16, 16, 95, 'debit', '2025-03-08 13:15:00'),
(19, 19, 19, 270, 'debit', '2025-03-10 13:45:00'),
(3, 22, 22, 225, 'debit', '2025-03-11 12:30:00'),
(4, 29, 29, 290, 'debit', '2025-03-16 18:30:00'),
(10, 32, 32, 470, 'debit', '2025-03-19 18:30:00'),
(16, 35, 35, 435, 'debit', '2025-03-22 18:30:00'),
(3, 40, 38, 220, 'credit', '2025-03-05 13:00:00'),
(10, 42, 40, 285, 'credit', '2025-03-15 12:30:00'),
(2, 45, 43, 155, 'debit', '2025-03-14 12:00:00'),
(4, 46, 44, 210, 'debit', '2025-03-15 13:30:00'),
(8, 48, 46, 240, 'debit', '2025-03-17 14:00:00'),
(9, 25, 25, 270, 'debit', '2025-03-13 14:30:00'),
(20, 37, 37, 520, 'debit', '2025-03-24 19:00:00'),
(11, 26, 26, 0, 'credit', '2025-03-13 15:30:00'),
(23, 58, 51, 300, 'debit', '2025-03-26 19:00:00'),
(26, 61, 54, 115, 'debit', '2025-03-27 20:30:00'),
(29, 64, 57, 160, 'debit', '2025-03-28 21:00:00'),
(3, 67, 60, 160, 'debit', '2025-03-29 14:30:00'),
(9, 70, 63, 160, 'debit', '2025-03-30 20:00:00'),
(15, 73, 66, 170, 'debit', '2025-03-31 19:30:00'),
(21, 76, 69, 160, 'debit', '2025-04-01 21:00:00'),
(24, 79, 72, 375, 'debit', '2025-04-02 20:00:00'),
(23, 85, 76, 200, 'debit', '2025-03-28 08:00:00'),
(26, 88, 79, 300, 'debit', '2025-03-31 10:30:00'),
(29, 91, 82, 240, 'debit', '2025-04-03 09:00:00'),
(23, 97, 85, 150, 'debit', '2025-03-28 14:00:00'),
(29, 100, 88, 115, 'debit', '2025-04-03 11:00:00'),
(2, 106, 89, 215, 'debit', '2025-04-04 12:00:00'),
(8, 109, 92, 300, 'debit', '2025-04-04 14:00:00');

-- Delivery_Captain_Ledger
INSERT INTO "Delivery_Captain_Ledger" ("earning_id", "amount", "order_id", "captain_id", "earning_type", "created_at") VALUES
(1, 15, 1, 1, 'base', '2025-03-01 12:45:00'),
(2, 15, 2, 2, 'base', '2025-03-01 13:30:00'),
(3, 15, 3, 3, 'base', '2025-03-02 15:00:00'),
(4, 15, 4, 4, 'base', '2025-03-02 18:30:00'),
(5, 15, 5, 5, 'base', '2025-03-03 12:15:00'),
(6, 15, 6, 6, 'base', '2025-03-03 20:30:00'),
(7, 15, 7, 7, 'base', '2025-03-04 14:00:00'),
(8, 15, 8, 8, 'base', '2025-03-04 14:30:00'),
(9, 15, 9, 9, 'base', '2025-03-05 12:30:00'),
(10, 15, 10, 10, 'base', '2025-03-05 22:00:00'),
(11, 15, 11, 1, 'base', '2025-03-06 13:30:00'),
(12, 15, 12, 2, 'base', '2025-03-06 20:15:00'),
(13, 15, 13, 3, 'base', '2025-03-07 13:00:00'),
(14, 15, 14, 4, 'base', '2025-03-07 14:30:00'),
(15, 15, 15, 5, 'base', '2025-03-08 15:30:00'),
(16, 15, 16, 6, 'base', '2025-03-08 13:45:00'),
(17, 15, 17, 7, 'base', '2025-03-09 12:30:00'),
(18, 15, 18, 8, 'base', '2025-03-09 21:00:00'),
(19, 15, 19, 9, 'base', '2025-03-10 14:15:00'),
(20, 15, 20, 10, 'base', '2025-03-10 22:30:00'),
(21, 15, 21, 1, 'base', '2025-03-11 14:30:00'),
(22, 15, 22, 2, 'base', '2025-03-11 13:00:00'),
(23, 15, 28, 8, 'base', '2025-03-15 19:00:00'),
(24, 15, 29, 9, 'base', '2025-03-16 19:00:00'),
(25, 25, 30, 10, 'bonus', '2025-03-17 19:00:00'),
(26, 15, 31, 1, 'base', '2025-03-18 19:00:00'),
(27, 25, 32, 2, 'bonus', '2025-03-19 19:00:00'),
(28, 10, 40, 1, 'tip', '2025-03-05 13:30:00'),
(29, 10, 41, 2, 'tip', '2025-03-10 14:30:00'),
(30, 10, 42, 3, 'tip', '2025-03-15 13:00:00'),
(31, 15, 56, 1, 'base', '2025-03-26 12:00:00'),
(32, 10, 56, 1, 'tip', '2025-03-26 12:00:00'),
(33, 15, 57, 2, 'base', '2025-03-26 13:30:00'),
(34, 15, 58, 3, 'base', '2025-03-26 19:00:00'),
(35, 15, 59, 4, 'base', '2025-03-27 12:00:00'),
(36, 15, 60, 5, 'base', '2025-03-27 13:00:00'),
(37, 10, 60, 5, 'tip', '2025-03-27 13:00:00'),
(38, 15, 61, 6, 'base', '2025-03-27 20:30:00'),
(39, 15, 62, 7, 'base', '2025-03-28 12:30:00'),
(40, 15, 63, 8, 'base', '2025-03-28 14:00:00'),
(41, 15, 64, 9, 'base', '2025-03-28 21:00:00'),
(42, 10, 64, 9, 'tip', '2025-03-28 21:00:00'),
(43, 15, 65, 10, 'base', '2025-03-29 12:00:00'),
(44, 15, 66, 1, 'base', '2025-03-29 13:00:00'),
(45, 15, 67, 2, 'base', '2025-03-29 14:30:00'),
(46, 15, 68, 3, 'base', '2025-03-30 12:00:00'),
(47, 10, 68, 3, 'tip', '2025-03-30 12:00:00'),
(48, 15, 69, 4, 'base', '2025-03-30 13:00:00'),
(49, 15, 70, 5, 'base', '2025-03-30 20:00:00'),
(50, 15, 71, 6, 'base', '2025-03-31 12:00:00'),
(51, 15, 72, 7, 'base', '2025-03-31 13:30:00'),
(52, 10, 72, 7, 'tip', '2025-03-31 13:30:00'),
(53, 15, 73, 8, 'base', '2025-03-31 19:30:00'),
(54, 15, 74, 9, 'base', '2025-04-01 12:00:00'),
(55, 15, 75, 10, 'base', '2025-04-01 13:00:00'),
(56, 15, 76, 1, 'base', '2025-04-01 21:00:00'),
(57, 10, 76, 1, 'tip', '2025-04-01 21:00:00'),
(58, 15, 77, 2, 'base', '2025-04-02 12:30:00'),
(59, 15, 78, 3, 'base', '2025-04-02 13:00:00'),
(60, 15, 79, 4, 'base', '2025-04-02 20:00:00'),
(61, 15, 80, 5, 'base', '2025-04-03 12:00:00'),
(62, 10, 80, 5, 'tip', '2025-04-03 12:00:00'),
(63, 15, 83, 8, 'base', '2025-03-26 09:00:00'),
(64, 15, 84, 9, 'base', '2025-03-27 09:30:00'),
(65, 15, 85, 10, 'base', '2025-03-28 08:00:00'),
(66, 15, 86, 1, 'base', '2025-03-29 10:00:00'),
(67, 10, 86, 1, 'tip', '2025-03-29 10:00:00'),
(68, 15, 87, 2, 'base', '2025-03-30 09:00:00'),
(69, 15, 88, 3, 'base', '2025-03-31 10:30:00'),
(70, 15, 89, 4, 'base', '2025-04-01 11:00:00'),
(71, 15, 90, 5, 'base', '2025-04-02 08:30:00'),
(72, 10, 90, 5, 'tip', '2025-04-02 08:30:00'),
(73, 15, 91, 6, 'base', '2025-04-03 09:00:00'),
(74, 15, 92, 7, 'base', '2025-04-04 10:00:00'),
(75, 15, 96, 1, 'base', '2025-03-26 13:00:00'),
(76, 15, 97, 2, 'base', '2025-03-28 14:00:00'),
(77, 10, 97, 2, 'tip', '2025-03-28 14:00:00'),
(78, 15, 98, 3, 'base', '2025-03-30 12:30:00'),
(79, 15, 99, 4, 'base', '2025-04-01 13:00:00'),
(80, 15, 100, 5, 'base', '2025-04-03 11:00:00'),
(81, 15, 106, 1, 'base', '2025-04-04 12:00:00'),
(82, 10, 106, 1, 'tip', '2025-04-04 12:00:00'),
(83, 15, 107, 2, 'base', '2025-04-04 13:30:00'),
(84, 15, 108, 3, 'base', '2025-04-04 21:00:00'),
(85, 15, 109, 4, 'base', '2025-04-04 14:00:00'),
(86, 15, 110, 5, 'base', '2025-04-04 12:30:00'),
(87, 10, 110, 5, 'tip', '2025-04-04 12:30:00');

-- Review
INSERT INTO "Review" ("review_id", "restaurant_review", "order_review", "captain_review", "order_id", "general_comment") VALUES
(1, 5, 5, 5, 1, 'Excellent food and super fast delivery!'),
(2, 4, 5, 4, 2, 'Tasty as always. Will order again.'),
(3, 5, 4, 5, 3, 'Burger was perfect. Great captain.'),
(4, 3, 4, 3, 5, 'Good food but a bit late.'),
(5, 5, 5, 5, 8, 'Best mixed grill in Cairo!'),
(6, 4, 4, 5, 11, 'Kofta was juicy. Captain was friendly.'),
(7, 5, 5, 4, 15, 'Highly recommend the grilled chicken.'),
(8, 4, 3, 5, 19, 'Food was good but portion size small.'),
(9, 5, 5, 5, 28, 'Perfect Iftar pre-order, everything arrived on time.'),
(10, 5, 5, 5, 32, 'Amazing Iftar experience! Will definitely book again.'),
(11, 4, 4, 4, 35, 'Good Iftar order, lamb chops were great.'),
(12, 5, 5, 5, 40, 'Proud to donate. Great cause and great food.'),
(13, 4, 5, 4, 45, 'Chicken shawarma was on point.'),
(14, 5, 4, 5, 48, 'Mixed grill platter never disappoints.'),
(15, 3, 3, 4, 49, 'Average experience this time.'),
(16, 5, 5, 5, 55, 'Late night order but still arrived hot.'),
(17, 5, 3, 3, 56, 'Great food, fast delivery!'),
(18, 5, 4, 3, 57, 'Solid as always.'),
(19, 3, 3, 5, 58, 'Chicken was perfectly grilled.'),
(20, 3, 5, 5, 59, 'Good value for the price.'),
(21, 5, 3, 5, 60, 'Kofta was juicy and well-spiced.'),
(22, 4, 3, 3, 61, 'Will definitely reorder.'),
(23, 3, 3, 3, 62, 'Fresh ingredients, loved it.'),
(24, 5, 5, 3, 63, 'Captain was very friendly.'),
(25, 5, 3, 5, 64, 'Hot food, on time.'),
(26, 5, 5, 5, 65, 'Portion size was generous.'),
(27, 4, 3, 4, 66, 'Best shawarma in Cairo!'),
(28, 5, 4, 3, 67, 'Perfectly packed, nothing spilled.'),
(29, 3, 5, 4, 68, 'Order was complete and accurate.'),
(30, 4, 4, 3, 69, 'A bit late but food was great.'),
(31, 3, 4, 3, 70, 'Amazing Iftar spread!'),
(32, 3, 4, 3, 71, 'Loved the mixed grill.'),
(33, 4, 4, 5, 72, 'Crispy fries as requested.'),
(34, 4, 3, 5, 73, 'Smooth and quick.'),
(35, 4, 5, 3, 74, 'Great food, fast delivery!'),
(36, 4, 3, 5, 75, 'Solid as always.'),
(37, 4, 5, 5, 76, 'Chicken was perfectly grilled.'),
(38, 4, 5, 3, 77, 'Good value for the price.'),
(39, 5, 3, 3, 78, 'Kofta was juicy and well-spiced.'),
(40, 5, 3, 4, 79, 'Will definitely reorder.'),
(41, 3, 3, 3, 80, 'Fresh ingredients, loved it.'),
(42, 4, 4, 4, 83, 'Portion size was generous.'),
(43, 5, 4, 3, 84, 'Best shawarma in Cairo!'),
(44, 4, 4, 3, 85, 'Perfectly packed, nothing spilled.'),
(45, 5, 4, 5, 86, 'Order was complete and accurate.'),
(46, 5, 5, 3, 87, 'A bit late but food was great.'),
(47, 5, 5, 3, 88, 'Amazing Iftar spread!'),
(48, 5, 5, 3, 89, 'Loved the mixed grill.'),
(49, 3, 4, 4, 90, 'Crispy fries as requested.'),
(50, 4, 5, 5, 91, 'Smooth and quick.'),
(51, 5, 3, 5, 92, 'Great food, fast delivery!'),
(52, 4, 3, 3, 96, 'Kofta was juicy and well-spiced.'),
(53, 3, 4, 4, 97, 'Will definitely reorder.'),
(54, 4, 3, 3, 98, 'Fresh ingredients, loved it.'),
(55, 5, 5, 4, 99, 'Captain was very friendly.'),
(56, 3, 5, 4, 100, 'Hot food, on time.'),
(57, 4, 5, 4, 106, 'Amazing Iftar spread!'),
(58, 3, 4, 3, 107, 'Loved the mixed grill.'),
(59, 3, 5, 5, 108, 'Crispy fries as requested.'),
(60, 5, 4, 5, 109, 'Smooth and quick.'),
(61, 5, 4, 5, 110, 'Great food, fast delivery!');

-- Promocode_Usage_Tracking
INSERT INTO "Promocode_Usage_Tracking" ("usage_id", "promocode_id", "customer_id", "order_id", "created_at") VALUES
(1, 1, 1, 1, '2025-03-01 12:15:00'),
(2, 1, 3, 3, '2025-03-02 14:30:00'),
(3, 2, 2, 28, '2025-03-15 10:00:00'),
(4, 2, 4, 29, '2025-03-16 09:30:00'),
(5, 2, 6, 30, '2025-03-17 08:00:00'),
(6, 3, 5, 5, '2025-03-03 11:45:00'),
(7, 4, 9, 9, '2025-03-05 12:00:00'),
(8, 4, 16, 16, '2025-03-08 13:15:00'),
(9, 5, 3, 40, '2025-03-05 13:00:00'),
(10, 5, 7, 41, '2025-03-10 14:00:00'),
(11, 1, 21, 60, '2025-03-26 12:00:00'),
(12, 2, 22, 84, '2025-03-27 09:30:00'),
(13, 2, 23, 85, '2025-03-28 08:00:00'),
(14, 3, 24, 63, '2025-03-28 14:00:00'),
(15, 4, 25, 65, '2025-03-29 12:00:00');
